[{"D:\\webpro\\01HTML-struct.htm": "GB18030"}, {"D:\\webpro\\index.htm": "UTF-8"}, {"D:\\webpro\\readme.txt": "UTF-8"}, {"D:\\CZBK\\\u57fa\u7840\u73ed\u89c6\u9891\u5f55\u5236\\\u7b14\u8bb01": "UTF-8"}, {"D:\\webpro\\iframedemo.htm": "UTF-8"}, {"D:\\webpro\\demo.htm": "ASCII"}, {"C:\\Users\\malunmac\\AppData\\Roaming\\Sublime Text 3\\Packages\\User\\Default (Windows).sublime-keymap": "ASCII"}, {"D:\\gitdata\\vancsit\\d.html": "ASCII"}, {"C:\\Users\\malunmac\\AppData\\Roaming\\Sublime Text 3\\Packages\\User\\Preferences.sublime-settings": "ASCII"}, {"C:\\Users\\malunmac\\Desktop\\\u6c6a\u78ca.md": "UTF-8"}, {"C:\\Users\\malunmac\\Desktop\\\u7b2c\u4e8c\u9636\u6bb5.md": "UTF-8"}, {"D:\\gitdata\\lessdemoweb\\index.htm": "ASCII"}, {"C:\\Users\\malunmac\\Desktop\\\u7b2c\u4e00\u9636\u6bb5 Ajax\u90e8\u5206.md": "UTF-8"}, {"D:\\CZBK\\\u4e00\u671f\u89c6\u9891\\\u738b\u4e66\u594e \u9ad8\u7ea7js\u8bfe\u7a0b  \u65b0\u7248\u672c\\07 \u4e8b\u4ef6\u6846\u67b6\\02 event\u5bf9\u8c61\\07\u6846\u67b6\u5c01\u88c52 \u4e8b\u4ef6.html": "UTF-8"}, {"D:\\CZBK\\\u4e00\u671f\u89c6\u9891\\\u738b\u4e66\u594e \u9ad8\u7ea7js\u8bfe\u7a0b  \u65b0\u7248\u672c\\07 \u4e8b\u4ef6\u6846\u67b6\\02 event\u5bf9\u8c61\\01 \u9f20\u6807\u8ddf\u968f \u56fe\u7247\u7248\u672c.html": "ASCII"}, {"F:\\iOS\u5b66\u9662\u5de5\u4f5c\u8ba1\u5212.xml": "UTF-8"}, {"C:\\Windows\\System32\\drivers\\etc\\hosts": "ASCII"}, {"D:\\gitdata\\aicoder\\index.html": "UTF-8"}, {"C:\\Users\\malunmac\\AppData\\Roaming\\Sublime Text 3\\Packages\\User\\less2css.sublime-settings": "ASCII"}, {"D:\\gitdata\\aicoder\\demos\\css\\demo.less": "ASCII"}, {"D:\\gitdata\\demos\\index.htm": "UTF-8"}, {"D:\\gitdata\\gruntdemo\\css\\c.css": "ASCII"}, {"D:\\gitdata\\gruntdemo\\css\\b.css": "ASCII"}, {"D:\\gitdata\\hotel\\web2\\css\\b.css": "ASCII"}, {"D:\\gitdata\\hotel\\web2\\css\\c.css": "ASCII"}, {"D:\\gitdata\\hotel\\web2\\css\\common.css": "UTF-8"}, {"D:\\gitdata\\gruntdemo\\build\\output.min.js": "ASCII"}, {"D:\\gitdata\\gruntdemo\\src\\a.js": "ASCII"}, {"D:\\gitdata\\coffeedemos\\a.js": "ASCII"}, {"D:\\gitdata\\gruntdemo\\package.json": "ASCII"}, {"D:\\gitdata\\lessdemoweb\\css\\b.css": "ASCII"}, {"D:\\gitdata\\hotel\\web2\\css\\less\\c.less": "ASCII"}, {"D:\\gitdata\\hotel\\web2\\css\\less\\common.less": "GBK"}, {"D:\\gitdata\\hotel\\web2\\css\\less\\common.css": "UTF-8"}, {"D:\\gitdata\\lessdemoweb\\css\\less\\a.css": "ASCII"}, {"D:\\gitdata\\lessdemoweb\\css\\less\\a.less": "ASCII"}, {"D:\\gitdata\\coffeedemos\\a.coffee": "GBK"}, {"C:\\Users\\malunmac\\AppData\\Roaming\\Sublime Text 3\\Packages\\User\\CoffeeScript.sublime-settings": "ASCII"}, {"C:\\Users\\malunmac\\AppData\\Roaming\\Sublime Text 3\\Packages\\CoffeeScript\\README.markdown": "ASCII"}, {"D:\\gitdata\\hotel\\web2\\index.htm": "UTF-8"}, {"C:\\Users\\malunmac\\Desktop\\CssGaga\\sprite\\CssGaga.png.txt": "ASCII"}, {"D:\\gitdata\\lessdemoweb\\css\\a.css": "ASCII"}, {"D:\\gitdata\\Itcast\\websitDemo\\css\\less\\style.less": "ASCII"}, {"C:\\Users\\malunmac\\AppData\\Roaming\\Sublime Text 3\\Packages\\LESS\\README.md": "ASCII"}, {"C:\\Users\\malunmac\\AppData\\Roaming\\Sublime Text 3\\Packages\\User\\LESS.sublime-settings": "ASCII"}, {"C:\\Users\\malunmac\\AppData\\Roaming\\Sublime Text 3\\Packages\\LESS\\LESS.sublime-settings": "ASCII"}, {"D:\\gitdata\\Itcast\\websitDemo\\css\\less\\a.css": "ASCII"}, {"D:\\Soft\\camtasia7\u5f55\u5c4f\u8f6f\u4ef6\\camtasia7\u5f55\u5c4f\u8f6f\u4ef6\\sn.txt": "GB2312"}, {"C:\\Users\\malunmac\\Work\\Soft\\Sublime Text 3\\Packages\\Theme - Default.sublime-package": "Hexadecimal"}, {"D:\\gitdata\\Itcast\\websitDemo\\css\\style.css": "ASCII"}, {"D:\\gitdata\\Itcast\\websitDemo\\css\\less\\style.css": "ASCII"}, {"C:\\Users\\malunmac\\AppData\\Roaming\\Sublime Text 3\\Packages\\User\\MySnippets.sublime-settings": "ASCII"}, {"D:\\gitdata\\Itcast\\websitDemo\\css\\style.less": "ASCII"}, {"D:\\gitdata\\hotel\\web\\index.htm": "UTF-8"}, {"D:\\gitdata\\hotel\\web\\css\\common.css": "UTF-8"}, {"D:\\gitdata\\index.htm": "ASCII"}, {"D:\\Soft\\IEDevToolbar\\\u8bf4\u660e.txt": "GB2312"}, {"D:\\Soft\\BB_FlashBack_Pro_3.2.2\u6c49\u5316\u7248\\BB FlashBack Pro 3.2.2\u6c49\u5316\u7248\\\u5b89\u88c5\u8bf4\u660e.txt": "GB2312"}, {"D:\\Soft\\BB_FlashBack_Pro_3.2.2\u6c49\u5316\u7248\\BB FlashBack Pro 3.2.2\u6c49\u5316\u7248\\\u8f6f\u4ef6\u8bf4\u660e.txt": "GB2312"}, {"C:\\Users\\malunmac\\AppData\\Local\\Temp\\Temp1_markman_33lc.com.zip\\markman_33lc.com\\\u4f7f\u7528\u8bf4\u660e.txt": "GBK"}, {"D:\\gitdata\\Itcast\\websitDemo\\14css3box-reflect.htm": "UTF-8"}, {"D:\\gitdata\\Itcast\\websitDemo\\14css3box-oriant.htm": "ASCII"}, {"D:\\gitdata\\Itcast\\websitDemo\\13ie6smallheight.htm": "UTF-8"}, {"D:\\apache\\conf\\extra\\httpd-vhosts.conf": "ASCII"}, {"D:\\apache\\conf\\httpd.conf": "ASCII"}, {"C:\\Program Files (x86)\\Apache Software Foundation\\Apache2.2\\conf\\extra\\httpd-vhosts.conf": "ASCII"}, {"C:\\Program Files (x86)\\Apache Software Foundation\\Apache2.2\\conf\\httpd.conf": "ASCII"}, {"D:\\apacheserver\\conf\\httpd.conf": "ASCII"}, {"D:\\apacheserver\\conf\\extra\\httpd-vhosts.conf": "ASCII"}, {"D:\\CZBK\\\u5907\u8bfe\u8d44\u6599\\php\u5907\u8bfe\u8d44\u6599\\httpd2.2.12.tar\\httpd2.2.12\\httpd-2.2.12\\README-win32.txt": "ASCII"}, {"D:\\CZBK\\\u5907\u8bfe\u8d44\u6599\\\u5907\u8bfe\u8ba1\u5212\u8868.txt": "UTF-8"}, {"D:\\gitdata\\Itcast\\websitDemo\\11absolute\u7684\u62c9\u4f38demo.htm": "UTF-8"}, {"D:\\gitdata\\Itcast\\websitDemo\\10\u53f3\u4e0b\u89d2\u56fa\u5b9a\u8ddf\u968f.htm": "UTF-8"}, {"D:\\NetClass\\2015\u5e747\u67087\u65e5 JQuery\u9ad8\u7ea7(3)\\cookie\u63d2\u4ef6\u4f7f\u7528.txt": "UTF-8"}, {"D:\\NetClass\\2015\u5e747\u67087\u65e5 JQuery\u9ad8\u7ea7(3)\\\u5fae\u535a\u6848\u4f8b\u8d44\u6e90\\test.js": "UTF-8"}, {"D:\\NetClass\\2015\u5e747\u67087\u65e5 JQuery\u9ad8\u7ea7(3)\\htmls\\test.htm": "ASCII"}, {"D:\\NetClass\\2015\u5e747\u67081\u65e5 BOM\u548cDOM\u9ad8\u7ea7\uff08\u4e0a\uff09\\2015\u5e747\u67081\u65e5 \u4e0a\u8bfe\u65e5\u5fd7.txt": "UTF-8"}, {"D:\\NetClass\\2015\u5e746\u670830\u65e5 html\u3001css\u3001js\u9ad8\u7ea7\\\u4e0a\u8bfe\u65e5\u5fd7.txt": "UTF-8"}, {"D:\\NetClass\\2015\u5e747\u67087\u65e5 JQuery\u9ad8\u7ea7(3)\\2015\u5e747\u67087\u65e5\u4e0a\u8bfe\u65e5\u5fd7.txt": "UTF-8"}, {"D:\\NetClass\\2015\u5e747\u67085\u65e5 JQuery\u9ad8\u7ea7(2)\\\u5e38\u7528\u6b63\u5219\u8868\u8fbe\u5f0f.txt": "UTF-8"}, {"C:\\Program Files (x86)\\Microsoft Visual Studio 12.0\\Web\\Snippets\\HTML\\2052\\HTML\\a.snippet": "UTF-8"}, {"D:\\NetClass\\2015\u5e747\u67084\u65e5 JQuery\u9ad8\u7ea7(1)\\2015\u5e747\u67084\u65e5\u4e0a\u8bfe\u65e5\u5fd7.txt": "UTF-8"}, {"D:\\NetClass\\2015\u5e747\u67085\u65e5 JQuery\u9ad8\u7ea7(2)\\jQuery_validate\\jb51.net.txt": "GBK"}, {"D:\\NetClass\\2015\u5e747\u67085\u65e5 JQuery\u9ad8\u7ea7(2)\\2015\u5e747\u67085\u65e5 \u4e0a\u8bfe\u65e5\u5fd7.txt": "UTF-8"}, {"D:\\NetClass\\2015\u5e747\u67084\u65e5 JQuery\u9ad8\u7ea7(1)\\codes\\test.html": "UTF-8"}, {"C:\\Users\\malunmac\\Work\\CZBK\\\u5de5\u8d44\\2015\u5e746\u6708\\\u8bfe\u65f6\u6587\u4ef6\\\u6c6a\u78ca06\u6708\u8bfe\u65f6.txt": "UTF-8"}, {"C:\\Users\\malunmac\\Work\\CZBK\\\u5de5\u8d44\\2015\u5e746\u6708\\\u8bfe\u65f6\u6587\u4ef6\\\u738b\u6625\u751f6\u6708\u8bfe\u65f6.txt": "GB2312"}, {"C:\\Users\\malunmac\\Work\\CZBK\\\u5de5\u8d44\\2015\u5e746\u6708\\\u8bfe\u65f6\u6587\u4ef6\\\u738b\u627f\u4f1f06\u6708\u8bfe\u65f6.txt": "GB2312"}, {"C:\\Users\\malunmac\\Work\\CZBK\\\u5de5\u8d44\\2015\u5e746\u6708\\\u8bfe\u65f6\u6587\u4ef6\\\u8d75\u5251\u5b876\u6708\u4efd\u8bfe\u65f6.txt": "GB2312"}, {"C:\\Users\\malunmac\\Desktop\\\u65b0\u5efa\u6587\u672c\u6587\u6863.txt": "UTF-8"}, {"D:\\NetClass\\2015\u5e747\u67082\u65e5 BOM\u548cDOM\u9ad8\u7ea7\uff08\u4e0b\uff09\\\u4e0a\u8bfe\u65e5\u5fd72015\u5e747\u67082\u65e5.txt": "UTF-8"}, {"D:\\NetClass\\2015\u5e747\u67082\u65e5 BOM\u548cDOM\u9ad8\u7ea7\uff08\u4e0b\uff09\\code\\a.htm": "UTF-8"}, {"D:\\NetClass\\2015\u5e747\u67081\u65e5 BOM\u548cDOM\u9ad8\u7ea7\uff08\u4e0a\uff09\\code\\test.htm": "ASCII"}, {"D:\\NetClass\\2015\u5e747\u67081\u65e5 BOM\u548cDOM\u9ad8\u7ea7\uff08\u4e0a\uff09\\code\\csstree.htm": "UTF-8"}, {"D:\\NetClass\\2015\u5e746\u670830\u65e5 html\u3001css\u3001js\u9ad8\u7ea7\\code\\05\u6d6e\u52a8demo.htm": "UTF-8"}, {"D:\\NetClass\\2015\u5e746\u670830\u65e5 html\u3001css\u3001js\u9ad8\u7ea7\\code\\04boxdemo.htm": "UTF-8"}, {"D:\\NetClass\\2015\u5e746\u670830\u65e5 html\u3001css\u3001js\u9ad8\u7ea7\\demo.html": "ASCII"}, {"D:\\NetClass\\2015\u5e746\u670830\u65e5 html\u3001css\u3001js\u9ad8\u7ea7\\code\\script\\10jsArray.js": "UTF-8"}, {"D:\\NetClass\\2015\u5e746\u670830\u65e5 html\u3001css\u3001js\u9ad8\u7ea7\\code\\script\\index.js": "ASCII"}, {"D:\\NetClass\\2015\u5e746\u670830\u65e5 html\u3001css\u3001js\u9ad8\u7ea7\\code\\09jsdemo.htm": "UTF-8"}]